label,x,y,,,,,
C,-5.496423519,-0.720649901,,,,,
D,-5.86436222,-0.831031511,,,,,
E,-6.250697856,-0.849428446,,,,,
F,-6.342682531,-0.46309281,,,,,
G,-6.158713181,0.033624436,,,,,
H,-5.809171415,0.309578462,,,,,
I,-5.459629649,0.640723292,,,,,
J,-5.257263364,0.935074253,,,,,
K,-4.999706273,1.192631344,,,,,
L,-5.018103208,1.76293633,,,,,
M,-5.110087883,2.149271966,,,,,
N,-5.110087883,2.737973888,,,,,
O,-4.999706273,3.253088069,,,,,
P,-4.723752247,3.400263549,,,,,
Q,-4.355813547,3.84178999,,,,,
R,-4.024668716,4.228125626,,,,,
S,-3.767111625,4.356904172,,,,,
T,-3.399172924,4.448888847,,,,,
U,-3.086425028,4.559270457,,,,,
V,-2.773677133,4.724842873,,,,,
W,-2.442532302,4.798430613,,,,,
Z,-2,5,,,,,
A_1,-1.688257965,4.798430613,,,,,
B_1,-1.449097809,4.651255132,,,,,
C_1,-1.117952978,4.669652067,,,,,
D_1,-0.731617342,4.614461262,,,,,
E_1,-0.382075577,4.485682717,,,,,
F_1,-0.069327681,4.448888847,,,,,
G_1,0.353801825,4.614461262,,,,,
H_1,0.850519071,4.927209158,,,,,
I_1,1.292045513,5.239957054,,,,,
J_1,1.659984213,5.534308015,,,,,
K_1,1.604793408,5.184766249,,,,,
L_1,1.641587278,4.908812223,,,,,
M_1,2,5,,,,,
N_1,1.843953564,4.706445938,,,,,
O_1,1.567999538,4.540873522,,,,,
P_1,1.236854707,4.356904172,,,,,
Q_1,0.868916006,4.136140951,,,,,
R_1,0.592961981,3.988965471,,,,,
S_1,0.4457865,3.713011445,,,,,
T_1,0.11464167,3.62102677,,,,,
U_1,-0.124518486,3.455454354,,,,,
V_1,-0.510854122,3.271485004,,,,,
W_1,-0.529251057,2.995530978,,,,,
Z_1,-0.253297031,2.885149368,,,,,
A_2,-0.455663317,2.682783083,,,,,
B_2,-0.805205083,2.645989212,,,,,
C_2,-1.154746849,2.829958563,,,,,
D_2,-1.412303939,3.124309524,,,,,
E_2,-1.412303939,3.47385129,,,,,
F_2,-1,4,,,,,
G_2,-0.492457187,4.209728691,,,,,
H_2,-1.007571368,4.283316432,,,,,
I_2,-1.283525394,4.099347081,,,,,
J_2,-1.577876355,3.896980796,,,,,
K_2,-1.74344877,3.62102677,,,,,
L_2,-2.056196666,3.5842329,,,,,
M_2,-2.516120042,3.54743903,,,,,
N_2,-2.479326172,3.253088069,,,,,
O_2,-2.424135367,2.940340173,,,,,
P_2,-2.092990536,2.848355498,,,,,
Q_2,-1.7066549,2.958737108,,,,,
R_2,-1.761845705,2.664386148,,,,,
S_2,-2.166578276,2.554004537,,,,,
T_2,-2.497723107,2.554004537,,,,,
U_2,-2.810471003,2.554004537,,,,,
V_2,-3.325585184,2.443622927,,,,,
W_2,-3.656730015,2.259653576,,,,,
Z_2,-4,2,,,,,
A_3,-4.300622741,1.873317941,,,,,
B_3,-4.539782897,1.72614246,,,,,
C_3,-4.650164507,1.339806824,,,,,
D_3,-4.808202152,1.162741496,,,,,
E_3,-5.004219577,1.052971738,,,,,
F_3,-5.055184108,0.927520586,,,,,
G_3,-5.137511427,0.860874661,,,,,
H_3,-5.255121882,0.704060721,,,,,
I_3,-5.435457913,0.515883992,,,,,
J_3,-5.568749763,0.359070052,,,,,
K_3,-5.65499743,0.245379945,,,,,
L_3,-5.749085794,0.147371232,,,,,
M_3,-5.385414523,0.186336011,,,,,
N_3,-5.188397173,0.357690193,,,,,
O_3,-5,0.5,,,,,
P_3,-4.808149907,0.706250187,,,,,
Q_3,-4.618026274,0.83933673,,,,,
R_3,-4.5,1,,,,,
S_3,-4.231441554,1.143534543,,,,,
T_3,-3.971605922,1.257608722,,,,,
U_3,-3.623045928,1.447732355,,,,,
V_3,-3.407572478,1.574481444,,,,,
W_3,-3.116049574,1.663205806,,,,,
Z_3,-2.82452667,1.84065453,,,,,
A_4,-2.482304131,1.923041438,,,,,
B_4,-2.241480862,1.973741073,,,,,
C_4,-1.930945595,1.992753436,,,,,
D_4,-1.607735419,2.018103254,,,,,
E_4,-1.37958706,2.062465435,,,,,
F_4,-1.043701975,2.06880289,,,,,
G_4,-0.866253251,2.049790526,,,,,
H_4,-0.524030712,2.06880289,,,,,
I_4,-0.302219806,2.12583998,,,,,
J_4,-0.032395179,2.257505877,,,,,
K_4,0.244632605,2.491914001,,,,,
L_4,0.393801411,2.630427893,,,,,
M_4,0.68148411,2.832871273,,,,,
N_4,0.952798885,2.97399605,,,,,
O_4,1.2,3,,,,,
P_4,1.113679477,3.163030746,,,,,
Q_4,1.017151122,3.327933354,,,,,
R_4,0.888446648,3.456637827,,,,,
S_4,0.83213844,3.561210213,,,,,
T_4,0.7396321,3.629584464,,,,,
U_4,0.679301878,3.693936701,,,,,
V_4,0.816565884,3.759109814,,,,,
W_4,0.978317435,3.66107857,,,,,
Z_4,1.046939306,3.563047327,,,,,
A_5,1.1253643,3.465016084,,,,,
B_5,1.198887732,3.308166095,,,,,
C_5,1.282214289,3.200331728,,,,,
D_5,1.331229911,3.112103609,,,,,
E_5,1.4,3,,,,,
F_5,1.558147706,2.935170094,,,,,
G_5,1.658364185,2.825843027,,,,,
H_5,1.767691252,2.707405371,,,,,
I_5,1.904350085,2.670963015,,,,,
J_5,2.086561864,2.561635948,,,,,
K_5,2.277884231,2.497861826,,,,,
L_5,2.36899012,2.388534759,,,,,
M_5,2.505648954,2.270097103,,,,,
N_5,2.560312487,2.142548858,,,,,
O_5,2.587644254,2.005890024,,,,,
P_5,2.651418376,1.832788835,,,,,
Q_5,2.75595263,1.582358896,,,,,
R_5,2.868330757,1.423267291,,,,,
S_5,2.973220369,1.300896077,,,,,
T_5,3.008183573,1.073635252,,,,,
U_5,2.973220369,0.933782436,,,,,
V_5,2.990701971,0.697780809,,,,,
W_5,3,0.5,,,,,
Z_5,2.964479568,0.313185566,,,,,
A_6,2.868330757,0.155851149,,,,,
B_6,2.702255539,0.059702338,,,,,
C_6,2.527439519,-0.080150478,,,,,
D_6,2.335141898,-0.202521692,,,,,
E_6,2.125362674,-0.246225696,,,,,
F_6,1.801953038,-0.307411303,,,,,
G_6,1.574692212,-0.36859691,,,,,
H_6,1.294986581,-0.394819313,,,,,
I_6,1.085207357,-0.429782517,,,,,
J_6,1.203824483,-0.241743097,,,,,
K_6,1.355043772,-0.030036093,,,,,
L_6,1.415531487,0.234597661,,,,,
M_6,1.5,0.5,,,,,
N_6,1.415531487,0.635328775,,,,,
O_6,1.294556056,0.741182277,,,,,
P_6,1.196263519,0.809230956,,,,,
Q_6,1.029922302,0.877279636,,,,,
R_6,1,1,,,,,
S_6,1.173580626,1.270449786,,,,,
T_6,1.075288088,1.421669074,,,,,
U_6,0.946751693,1.580449326,,,,,
V_6,0.825776263,1.708985722,,,,,
W_6,0.719922761,1.807278259,,,,,
Z_6,0.621630224,1.882887903,,,,,
A_7,0.5,2,,,,,
B_7,0.356996469,2.041668156,,,,,
C_7,0.228460074,2.087033942,,,,,
D_7,0,2,,,,,
E_7,-0.202514897,1.920692725,,,,,
F_7,-0.36129515,1.898009832,,,,,
G_7,-0.641050833,1.852644045,,,,,
H_7,-0.928367481,1.882887903,,,,,
I_7,-1.170318342,1.920692725,,,,,
J_7,-1.351781488,1.935814654,,,,,
K_7,-1.52568367,1.920692725,,,,,
L_7,-1.729829709,1.898009832,,,,,
M_7,-1.911292855,1.875326939,,,,,
N_7,-2.085195036,1.837522117,,,,,
O_7,-2.319584933,1.777034401,,,,,
P_7,-2.448121328,1.754351508,,,,,
Q_7,-2.67495026,1.678741864,,,,,
R_7,-2.826169549,1.610693184,,,,,
S_7,-3,1.5,,,,,
T_7,-3.1093592,1.452564407,,,,,
U_7,-3.2,1.4,,,,,
V_7,-3.336947009,1.361529284,,,,,
W_7,-3.498327455,1.320149682,,,,,
Z_7,-3.61419034,1.26221824,,,,,
A_8,-3.675796073,1.238724846,,,,,
B_8,-3.724830245,1.204400926,,,,,
C_8,-3.800833211,1.170077005,,,,,
D_8,-3.876836177,1.133301377,,,,,
E_8,-3.935677183,1.096525748,,,,,
F_8,-3.999421606,1.054846702,,,,,
G_8,-4.050907486,1.032781325,,,,,
H_8,-4.123780348,0.987235786,,,,,
I_8,-4.21031687,0.950799356,,,,,
J_8,-4.301407947,0.882481048,,,,,
K_8,-4.360617147,0.841490064,,,,,
L_8,-4.440870586,0.789078408,,,,,
M_8,-4.498460997,0.705310536,,,,,
N_8,-4.550815917,0.621542665,,,,,
O_8,-4.582228869,0.537774793,,,,,
P_8,-4.576993377,0.417358478,,,,,
Q_8,-4.519402965,0.344061591,,,,,
R_8,-4.45134157,0.265529211,,,,,
S_8,-4.383280174,0.202703308,,,,,
T_8,-4.393751158,0.118935436,,,,,
U_8,-4.5,0,,,,,
V_8,-4.608406329,0.014225597,,,,,
W_8,-4.671232232,-0.043364815,,,,,
Z_8,-4.671232232,-0.132368178,,,,,
A_9,-4.658796883,-0.246900404,,,,,
B_9,-4.631273041,-0.317675996,,,,,
C_9,-4.6,-0.4,,,,,
D_9,-4.560497449,-0.455295204,,,,,
E_9,-4.481857901,-0.54966266,,,,,
F_9,-4.4,-0.6,,,,,
G_9,-4.340306717,-0.683349891,,,,,
H_9,-4.293122988,-0.746261528,,,,,
I_9,-4.226279373,-0.84849294,,,,,
J_9,-4.143707849,-0.927132487,,,,,
K_9,-4.104388075,-0.990044124,,,,,
L_9,-4.025748528,-1.068683672,,,,,
M_9,-3.939245026,-1.131595309,,,,,
N_9,-3.899925252,-1.009704011,,,,,
O_9,-3.923517117,-0.931064464,,,,,
P_9,-3.958904913,-0.84849294,,,,,
Q_9,-3.9785648,-0.738397574,,,,,
R_9,-4.006088641,-0.667621981,,,,,
S_9,-4.053272369,-0.596846389,,,,,
T_9,-4.053272369,-0.502478932,,,,,
U_9,-4.025748528,-0.376655657,,,,,
V_9,-4.041476437,-0.294084132,,,,,
W_9,-4.116184007,-0.195784698,,,,,
Z_9,-4.183027622,-0.152532947,,,,,
A_{10},-4.24593926,-0.077825377,,,,,
B_{10},-4.332442762,-0.026709672,,,,,
C_{10},-4.316714852,0.079453717,,,,,
D_{10},-4.261667169,0.051496455,,,,,
E_{10},-4.2,0,,,,,
F_{10},-4.15020916,-0.055007866,,,,,
G_{10},-4.088288043,-0.092160536,,,,,
H_{10},-4.033797461,-0.134266895,,,,,
I_{10},-4.009029014,-0.163989031,,,,,
J_{10},-3.963744236,-0.189461719,,,,,
K_{10},-3.955253339,-0.274370679,,,,,
L_{10},-3.946762443,-0.316825159,,,,,
M_{10},-3.93261095,-0.376261432,,,,,
N_{10},-3.912798859,-0.432867405,,,,,
O_{10},-3.859837037,-0.481755241,,,,,
P_{10},-3.82317116,-0.559160981,,,,,
Q_{10},-3.753913393,-0.669158612,,,,,
R_{10},-3.647989748,-0.730268407,,,,,
S_{10},-3.586879953,-0.77100827,,,,,
T_{10},-3.483134992,-0.832684826,,,,,
U_{10},-3.329179754,-0.881950502,,,,,
V_{10},-3.144433467,-0.925057969,,,,,
W_{10},-3,-1,,,,,
Z_{10},-2.854997618,-0.980481855,,,,,
A_{11},-2.737991637,-0.980481855,,,,,
B_{11},-2.571719979,-0.955849017,,,,,
C_{11},-2.374657273,-0.90658334,,,,,
D_{11},-2.269967711,-0.89465359,,,,,
E_{11},-2.076639407,-0.80977775,,,,,
F_{11},-1.883311104,-0.743763207,,,,,
G_{11},-1.656999901,-0.617401515,,,,,
H_{11},-1.522738485,-0.468222165,,,,,
I_{11},-1.413340294,-0.328988104,,,,,
J_{11},-1.353668554,-0.179808753,,,,,
K_{11},-1.279078879,-0.045547337,,,,,
L_{11},-1.194543913,0.133467884,,,,,
M_{11},-1.100063658,0.143413174,,,,,
N_{11},-0.975747532,0.138440529,,,,,
O_{11},-0.896185212,0.053905563,,,,,
P_{11},-0.876294631,-0.040574692,,,,,
Q_{11},-0.8,-0.2,,,,,
R_{11},-0.722142636,-0.264343718,,,,,
S_{11},-0.61771709,-0.363796619,,,,,
T_{11},-0.488428319,-0.433413649,,,,,
U_{11},-0.415122732,-0.483079822,,,,,
V_{11},-0.328398311,-0.537282585,,,,,
W_{11},-0.169403541,-0.58787183,,,,,
Z_{11},0,-0.6,,,,,
A_{12},0.123291377,-0.598712382,,,,,
B_{12},0.2,-0.6,,,,,
C_{12},0.361783532,-0.584258312,,,,,
D_{12},0.488256645,-0.555350172,,,,,
E_{12},0.658091968,-0.511987962,,,,,
F_{12},0.748429905,-0.504760927,,,,,
G_{12},0.864062466,-0.468625752,,,,,
H_{12},1,-0.4,,,,,
I_{12},1.065491832,-0.345787698,,,,,
J_{12},1.147893928,-0.254446375,,,,,
K_{12},1.236721946,-0.147240146,,,,,
L_{12},1.297982648,-0.061475163,,,,,
M_{12},1.322486929,0.033478925,,,,,
N_{12},1.346991209,0.134559083,,,,,
O_{12},1.380684596,0.290773874,,,,,
P_{12},1.4,0.4,,,,,
Q_{12},1.35924335,0.502123296,,,,,
R_{12},1.291262513,0.607604679,,,,,
S_{12},1.210912844,0.687954348,,,,,
T_{12},1.147780961,0.730998813,,,,,
U_{12},1.061692031,0.791261065,,,,,
V_{12},0.989804708,0.825056175,,,,,
W_{12},0.918545704,0.859260497,,,,,
Z_{12},0.821633459,0.893464819,,,,,
A_{13},0.696217613,0.893464819,,,,,
B_{13},0.607856448,0.882063378,,,,,
C_{13},0.493842042,0.884913738,,,,,
D_{13},0.408331238,0.879213018,,,,,
E_{13},0.282915391,0.879213018,,,,,
F_{13},0.237309629,0.842158336,,,,,
G_{13},0.123295223,0.825056175,,,,,
H_{13},0.029233338,0.813654734,,,,,
I_{13},-0.067678907,0.779450413,,,,,
J_{13},-0.13893791,0.762348252,,,,,
K_{13},-0.258653036,0.73099429,,,,,
L_{13},-0.32136096,0.705341049,,,,,
M_{13},-0.429674645,0.679687808,,,,,
N_{13},-0.492382569,0.645483486,,,,,
O_{13},-0.552240132,0.619830244,,,,,
P_{13},-0.604610199,0.568713402,,,,,
Q_{13},-0.698976394,0.506701331,,,,,
R_{13},-0.739419048,0.450081615,,,,,
S_{13},-0.760988464,0.396158075,,,,,
T_{13},-0.793342588,0.326057474,,,,,
U_{13},-0.839177597,0.307184235,,,,,
V_{13},-0.882316428,0.309880412,,,,,
W_{13},-0.95241703,0.342234536,,,,,
Z_{13},-1.019821454,0.355715421,,,,,
A_{14},-1.092618233,0.355715421,,,,,
B_{14},-1.170807365,0.355715421,,,,,
C_{14},-1.246300321,0.361107775,,,,,
D_{14},-1.278654444,0.401550429,,,,,
E_{14},-1.332577984,0.439296907,,,,,
F_{14},-1.397907657,0.50462658,,,,,
G_{14},-1.5,0.5,,,,,
H_{14},-1.587619327,0.614124068,,,,,
I_{14},-1.715801131,0.631214975,,,,,
J_{14},-1.878164749,0.648305882,,,,,
K_{14},-2.023437459,0.69103315,,,,,
L_{14},-2.160164716,0.69103315,,,,,
M_{14},-2.296891973,0.699578604,,,,,
N_{14},-2.493437405,0.708124057,,,,,
O_{14},-2.621619209,0.656851336,,,,,
P_{14},-2.903619176,0.588487707,,,,,
Q_{14},-3.083073701,0.537214986,,,,,
R_{14},-3.253982773,0.485942265,,,,,
S_{14},-3.424891844,0.42612409,,,,,
T_{14},-3.595800915,0.357760461,,,,,
U_{14},-3.741073626,0.315033193,,,,,
V_{14},-3.869255429,0.272305925,,,,,
W_{14},-3.909876193,0.190633406,,,,,
Z_{14},-3.986091183,0.152525911,,,,,
A_{15},-4.048015862,0.085837795,,,,,
B_{15},-4.109250228,0.158662982,,,,,
C_{15},-4.167551935,0.196142651,,,,,
D_{15},-4.542348624,0.196142651,,,,,
E_{15},-4.679288253,0.188534894,,,,,
F_{15},-4.808620124,0.218965923,,,,,
G_{15},-4.897574637,0.239891583,,,,,
H_{15},-4.953332465,0.327511027,,,,,
I_{15},-5.013072996,0.367338047,,,,,
J_{15},-5.084761632,0.287684007,,,,,
K_{15},-5.152467566,0.219978072,,,,,
L_{15},-5.192294587,0.15625484,,,,,
M_{15},-5.27479633,0.102110451,,,,,
N_{15},-5.35692825,0.074733144,,,,,
O_{15},-5.5,0,,,,,
P_{15},-5.5,0,,,,,
Q_{15},-5.630701316,-0.056677928,,,,,
R_{15},-5.762112388,-0.084055235,,,,,
S_{15},-5.948278073,-0.149760771,,,,,
T_{15},-6.0577873,-0.226417229,,,,,
U_{15},-6.134443759,-0.303073688,,,,,
V_{15},-6.22205114,-0.423533837,,,,,
W_{15},-6.260379369,-0.505665757,,,,,
Z_{15},-6.260379369,-0.609699523,,,,,
A_{16},-6.194673833,-0.719208749,,,,,
B_{16},-6.063262761,-0.719208749,,,,,
C_{16},-5.909949844,-0.719208749,,,,,
D_{16},-5.751161465,-0.713733288,,,,,
E_{16},-5.570471242,-0.653503213,,,,,
F_{16},-5.428109247,-0.768487901,,,,,
G_{16},-5.351452788,-0.817767053,,,,,
H_{16},-5.225517178,-0.905374435,,,,,
I_{16},-5.137909796,-0.960129048,,,,,
J_{16},-5,-1,,,,,
K_{16},-4.924366804,-1.124392888,,,,,
L_{16},-4.760102964,-1.179147501,,,,,
M_{16},-4.656069199,-1.261279421,,,,,
N_{16},-4.562986356,-1.332460419,,,,,
O_{16},-4.426099823,-1.376264109,,,,,
P_{16},-4.338492442,-1.403641416,,,,,
Q_{16},-4.223507754,-1.414592339,,,,,
R_{16},-4.108523066,-1.414592339,,,,,
S_{16},-4.009964762,-1.414592339,,,,,
T_{16},-3.889504612,-1.409116877,,,,,
U_{16},-3.823799076,-1.507675181,,,,,
V_{16},-3.725240772,-1.639086253,,,,,
W_{16},-3.686912543,-1.721218173,,,,,
Z_{16},-3.63215793,-1.786923709,,,,,
A_{17},-3.544550548,-1.890957474,,,,,
B_{17},-3.5,-2,,,,,
C_{17},-3.462418628,-2.082598621,,,,,
D_{17},-3.544550548,-2.07712316,,,,,
E_{17},-3.610256084,-1.989515778,,,,,
F_{17},-3.659535236,-1.907383858,,,,,
G_{17},-3.752618079,-1.880006552,,,,,
H_{17},-3.862127306,-1.885482013,,,,,
I_{17},-3.96068561,-1.901908397,,,,,
J_{17},-4,-2,,,,,
K_{17},-4.097572143,-2.049745853,,,,,
L_{17},-4.152326756,-2.12092685,,,,,
M_{17},-4.190654986,-2.208534232,,,,,
N_{17},-4.245409599,-2.36732261,,,,,
O_{17},-4.261835983,-2.515160066,,,,,
P_{17},-4.327541519,-2.673948445,,,,,
Q_{17},-4.322066058,-2.77798221,,,,,
R_{17},-4.119473988,-2.756080365,,,,,
S_{17},-3.938783764,-2.712276674,,,,,
T_{17},-3.749625782,-2.732602389,,,,,
U_{17},-3.65759477,-2.803395475,,,,,
V_{17},-3.544325833,-2.881267869,,,,,
W_{17},-3.5,-3,,,,,
Z_{17},-3.494770673,-3.178598829,,,,,
A_{18},-3.494770673,-3.320185001,,,,,
B_{18},-3.5,-3.5,,,,,
C_{18},-3.523087907,-3.723705589,,,,,
D_{18},-3.498893579,-3.951186092,,,,,
E_{18},-3.509095787,-4.124623624,,,,,
F_{18},-3.529500202,-4.338869988,,,,,
G_{18},-3.549904618,-4.512307521,,,,,
H_{18},-3.600915657,-4.716351677,,,,,
I_{18},-3.621320072,-4.930598041,,,,,
J_{18},-3.794757605,-4.971406872,,,,,
K_{18},-3.86617306,-4.787767132,,,,,
L_{18},-3.886577475,-4.410285443,,,,,
M_{18},-3.886577475,-4.165432455,,,,,
N_{18},-3.86617306,-3.920579468,,,,,
O_{18},-4,-4,,,,,
P_{18},-4.0498128,-4.247050118,,,,,
Q_{18},-4.080419424,-4.400083235,,,,,
R_{18},-4.162037086,-4.644936222,,,,,
S_{18},-4.202845917,-4.848980379,,,,,
T_{18},-4.355879034,-5.002013496,,,,,
U_{18},-4.570125398,-5.042822327,,,,,
V_{18},-5,-5,,,,,
W_{18},-5.386302023,-5.002013496,,,,,
Z_{18},-5.651559426,-5.012215703,,,,,
A_{19},-5.835199166,-4.971406872,,,,,
B_{19},-5.651559426,-4.675542846,,,,,
C_{19},-5.569941763,-4.349072196,,,,,
D_{19},-5.416908646,-3.991994923,,,,,
E_{19},-5.335290984,-3.706333104,,,,,
F_{19},-4.988415918,-3.379862454,,,,,
G_{19},-4.7027541,-3.07379622,,,,,
H_{19},-4.5,-3,,,,,
I_{19},-4.273669444,-2.91968974,,,,,
J_{19},-4.051367597,-2.864114279,,,,,
K_{19},-3.862411028,-2.764078448,,,,,
L_{19},-3.829065751,-2.547334148,,,,,
M_{19},-3.834623297,-2.397280401,,,,,
N_{19},-3.917986489,-2.430625678,,,,,
O_{19},-4,-2.5,,,,,
P_{19},-4.112500605,-2.580679425,,,,,
Q_{19},-4.056925143,-2.34170494,,,,,
R_{19},-3.956889312,-2.141633278,,,,,
S_{19},-3.773490289,-1.991579531,,,,,
T_{19},-3.645666727,-2.124960639,,,,,
U_{19},-3.484497889,-2.252784201,,,,,
V_{19},-3.373346965,-2.330589847,,,,,
W_{19},-3.273311135,-2.397280401,,,,,
Z_{19},-3.146760508,-2.553035019,,,,,
A_{20},-2.952067235,-2.660116319,,,,,
B_{20},-2.767108627,-2.728258964,,,,,
C_{20},-2.5334767,-2.786666946,,,,,
D_{20},-2.309579437,-2.815870937,,,,,
E_{20},-2.105151501,-2.845074928,,,,,
F_{20},-1.852050247,-2.864544255,,,,,
G_{20},-1.696295629,-2.9326869,,,,,
H_{20},-1.413969463,-2.989156317,,,,,
I_{20},-1.285563953,-3.041685844,,,,,
J_{20},-1.153607016,-3.145366295,,,,,
K_{20},-0.965097104,-3.183068278,,,,,
L_{20},-0.776587193,-3.22077026,,,,,
M_{20},-0.540949804,-3.277323233,,,,,
N_{20},-0.315792955,-3.333612445,,,,,
O_{20},-0.124409634,-3.35612813,,,,,
P_{20},0.179552112,-3.389901658,,,,,
Q_{20},0.460998173,-3.389901658,,,,,
R_{20},0.697412864,-3.378643815,,,,,
S_{20},1.00137461,-3.344870288,,,,,
T_{20},1.305336356,-3.311096761,,,,,
U_{20},1.485461835,-3.277323233,,,,,
V_{20},1.631526311,-3.178194338,,,,,
W_{20},1.793563966,-3.112503397,,,,,
Z_{20},1.854875511,-2.994259703,,,,,
A_{21},1.8,-2.8,,,,,
B_{21},1.676485068,-2.575067044,,,,,
C_{21},1.615216568,-2.414237231,,,,,
D_{21},1.607558006,-2.222773168,,,,,
E_{21},1.5,-2,,,,,
F_{21},1.546289505,-1.747942291,,,,,
G_{21},1.5,-1.5,,,,,
H_{21},1.492679568,-1.196525789,,,,,
I_{21},1.5,-1,,,,,
J_{21},1.691802193,-0.813597663,,,,,
K_{21},1.967510444,-0.767646288,,,,,
L_{21},2,-1,,,,,
M_{21},2.128340257,-1.196525789,,,,,
N_{21},2.25853582,-1.50286829,,,,,
O_{21},2.342780008,-1.778576541,,,,,
P_{21},2.419365633,-1.993016292,,,,,
Q_{21},2.495951259,-2.207456042,,,,,
R_{21},2.564878321,-2.360627293,,,,,
S_{21},2.633805384,-2.590384169,,,,,
T_{21},2.702732447,-2.858433857,,,,,
U_{21},2.83292801,-3.126483546,,,,,
V_{21},2.871220822,-3.371557546,,,,,
W_{21},2.89419651,-3.540045922,,,,,
Z_{21},2.901855073,-3.677900047,,,,,
A_{22},2.947806448,-3.869364111,,,,,
B_{22},3,-4,,,,,
C_{22},3.039709198,-4.152730924,,,,,
D_{22},3.123953386,-4.405463487,,,,,
E_{22},3.185221886,-4.512683363,,,,,
F_{22},3.261807511,-4.635220363,,,,,
G_{22},3.315417449,-4.780733051,,,,,
H_{22},3.369027387,-4.910928614,,,,,
I_{22},3.5,-5,,,,,
J_{22},3.667711325,-4.995172802,,,,,
K_{22},3.820882576,-4.987514239,,,,,
L_{22},3.721321263,-4.780733051,,,,,
M_{22},3.665726857,-4.679652313,,,,,
N_{22},3.5,-4.5,,,,,
O_{22},3.31699831,-4.245005138,,,,,
P_{22},3.261403904,-4.118654216,,,,,
Q_{22},3.190647387,-3.972087145,,,,,
R_{22},3.180539313,-3.80024989,,,,,
S_{22},3.068533481,-3.711398925,,,,,
T_{22},3.033487775,-3.593175406,,,,,
U_{22},3.012453419,-3.438923459,,,,,
V_{22},2.980901884,-3.274154334,,,,,
W_{22},2.942122022,-3.193362953,,,,,
Z_{22},2.887183883,-3.01239026,,,,,
A_{23},2.85486733,-2.802332669,,,,,
B_{23},2.797804886,-2.654358471,,,,,
C_{23},2.764936213,-2.53046886,,,,,
D_{23},2.697073837,-2.415434228,,,,,
E_{23},2.673763046,-2.296937705,,,,,
F_{23},2.668203759,-2.123846016,,,,,
G_{23},2.6,-2,,,,,
H_{23},2.550759741,-1.849809976,,,,,
I_{23},2.496931233,-1.707898455,,,,,
J_{23},2.47246373,-1.600241439,,,,,
K_{23},2.4,-1.4,,,,,
L_{23},2.355019712,-1.26748339,,,,,
M_{23},2.306084705,-1.135358871,,,,,
N_{23},2.242469196,-1.013021353,,,,,
O_{23},2.20332119,-0.851535829,,,,,
P_{23},2.159279684,-0.714517809,,,,,
Q_{23},2.090018702,-0.640761777,,,,,
R_{23},1.899816325,-0.614424236,,,,,
S_{23},1.704695243,-0.645895378,,,,,
T_{23},1.541045303,-0.702543434,,,,,
U_{23},1.371101135,-0.80325109,,,,,
V_{23},1.333335764,-0.948018344,,,,,
W_{23},1.327041536,-1.111668284,,,,,
Z_{23},1.371101135,-1.275318224,,,,,
A_{24},1.396278049,-1.464145077,,,,,
B_{24},1.38998382,-1.602618103,,,,,
C_{24},1.38998382,-1.734796901,,,,,
D_{24},1.377395364,-1.86068147,,,,,
E_{24},1.383689592,-1.98027181,,,,,
F_{24},1.327041536,-2.093567922,,,,,
G_{24},1.150803139,-2.112450608,,,,,
H_{24},1.037507027,-2.087273694,,,,,
I_{24},0.895994584,-1.980322082,,,,,
J_{24},0.957512695,-1.795767747,,,,,
K_{24},1.087384264,-1.577036684,,,,,
L_{24},1.114725647,-1.39248235,,,,,
M_{24},1.14206703,-1.139574559,,,,,
N_{24},1.14206703,-0.920843496,,,,,
O_{24},1.114725647,-0.72261847,,,,,
P_{24},1,-0.5,,,,,
Q_{24},0.895994584,-0.57907621,,,,,
R_{24},0.725110941,-0.620088284,,,,,
S_{24},0.554227298,-0.661100358,,,,,
T_{24},0.424355729,-0.702112433,,,,,
U_{24},0.273978124,-0.702112433,,,,,
V_{24},0.089423789,-0.708947778,,,,,
W_{24},-0.095130545,-0.695277087,,,,,
Z_{24},-0.279684879,-0.667935704,,,,,
A_{25},-0.416391794,-0.613252938,,,,,
B_{25},-0.431557976,-0.725823486,,,,,
C_{25},-0.475989101,-0.770254612,,,,,
D_{25},-0.6,-0.8,,,,,
E_{25},-0.687036949,-0.817462683,,,,,
F_{25},-0.717583348,-0.75914683,,,,,
G_{25},-0.628721097,-0.68139236,,,,,
H_{25},-0.634274987,-0.636961234,,,,,
I_{25},-0.678706113,-0.656399852,,,,,
J_{25},-0.857987541,-0.854408553,,,,,
K_{25},-0.961921005,-0.887478291,,,,,
L_{25},-1.046957475,-0.911099533,,,,,
M_{25},-1.198133423,-0.863857049,,,,,
N_{25},-1.2642729,-0.816614566,,,,,
O_{25},-1.316239632,-0.759923586,,,,,
P_{25},-1.443794337,-0.821338814,,,,,
Q_{25},-1.339860873,-0.844960056,,,,,
R_{25},-1.37765486,-0.911099533,,,,,
S_{25},-1.514658062,-0.929996526,,,,,
T_{25},-1.632764271,-0.873305546,,,,,
U_{25},-1.708352245,-0.797717573,,,,,
V_{25},-1.708352245,-0.68905986,,,,,
W_{25},-1.757325074,-0.850983568,,,,,
Z_{25},-1.674421988,-0.938911084,,,,,
A_{26},-1.51112803,-0.999204237,,,,,
B_{26},-1.320199711,-0.979106519,,,,,
C_{26},-1.244833269,-0.898715648,,,,,
D_{26},-1.141832465,-0.906252292,,,,,
E_{26},-1.094100385,-0.948959943,,,,,
F_{26},-1,-1,,,,,
G_{26},-0.963465219,-1.044424102,,,,,
H_{26},-0.960953004,-1.084619538,,,,,
I_{26},-0.955928574,-1.172547054,,,,,
J_{26},-0.955928574,-1.242889066,,,,,
K_{26},-0.965977433,-1.293133361,,,,,
L_{26},-0.950904145,-1.355938729,,,,,
M_{26},-0.960953004,-1.401158594,,,,,
N_{26},-1.026270587,-1.413719668,,,,,
O_{26},-1.08656374,-1.423768527,,,,,
P_{26},-1.146856894,-1.451402889,,,,,
Q_{26},-1.212174477,-1.476525036,,,,,
R_{26},-1.28251649,-1.521744901,,,,,
S_{26},-1.357882931,-1.556915908,,,,,
T_{26},-1.443298232,-1.599623558,,,,,
U_{26},-1.548811251,-1.657404497,,,,,
V_{26},-1.676934202,-1.700112147,,,,,
W_{26},-1.737146308,-1.72821113,,,,,
Z_{26},-1.825457396,-1.740253551,,,,,
A_{27},-1.668905922,-1.760324253,,,,,
B_{27},-1.464184762,-1.72419699,,,,,
C_{27},-1.307633287,-1.672013165,,,,,
D_{27},-1.171152515,-1.62384348,,,,,
E_{27},-1.102307059,-1.611694282,,,,,
F_{27},-1,-1.6,,,,,
G_{27},-0.87552203,-1.579296421,,,,,
H_{27},-0.777349245,-1.548059057,,,,,
I_{27},-0.71260189,-1.545568774,,,,,
J_{27},-0.593068312,-1.528136794,,,,,
K_{27},-0.510888977,-1.530627077,,,,,
L_{27},-0.436180491,-1.530627077,,,,,
M_{27},-0.29672465,-1.528136794,,,,,
N_{27},-0.192132769,-1.535607643,,,,,
O_{27},-0.08007004,-1.520665946,,,,,
P_{27},-0.08007004,-1.478331137,,,,,
Q_{27},-0.14979796,-1.453428308,,,,,
R_{27},-0.281782953,-1.413583782,,,,,
S_{27},-0.4,-1.4,,,,,
T_{27},-0.471044451,-1.388680953,,,,,
U_{27},-0.583107181,-1.356307276,,,,,
V_{27},-0.637893404,-1.346346144,,,,,
W_{27},-0.700150476,-1.348836427,,,,,
Z_{27},-0.762407548,-1.361287841,,,,,
A_{28},-0.8,-1.4,,,,,
B_{28},-0.857038297,-1.381210104,,,,,
C_{28},-0.834625751,-1.416074065,,,,,
D_{28},-0.802252074,-1.440976893,,,,,
E_{28},-0.784820094,-1.480821419,,,,,
F_{28},-0.769878397,-1.5854133,,,,,
G_{28},-0.8,-1.6,,,,,
H_{28},-0.911824521,-1.622767543,,,,,
I_{28},-0.994003855,-1.637709241,,,,,
J_{28},-1.083654039,-1.657631504,,,,,
K_{28},-1.155872242,-1.677553767,,,,,
L_{28},-1.250502992,-1.694985747,,,,,
M_{28},-1.327701761,-1.709927444,,,,,
N_{28},-1.40490053,-1.742301122,,,,,
O_{28},-1.467157602,-1.76720395,,,,,
P_{28},-1.540087493,-1.797360083,,,,,
Q_{28},-1.569594954,-1.840753409,,,,,
R_{28},-1.494958433,-1.85811074,,,,,
S_{28},-1.423793379,-1.865053672,,,,,
T_{28},-1.357835523,-1.868525138,,,,,
U_{28},-1.269313137,-1.865053672,,,,,
V_{28},-1.149547557,-1.866789405,,,,,
W_{28},-1.066232371,-1.865053672,,,,,
Z_{28},-0.975974253,-1.861582206,,,,,
A_{29},-0.882244668,-1.854639274,,,,,
B_{29},-0.79198655,-1.840753409,,,,,
C_{29},-0.698256965,-1.825131812,,,,,
D_{29},-0.6,-1.8,,,,,
E_{29},-0.493440466,-1.766116888,,,,,
F_{29},-0.403182347,-1.727930761,,,,,
G_{29},-0.323338627,-1.708837698,,,,,
H_{29},-0.236551975,-1.65329424,,,,,
I_{29},-0.161915454,-1.604693715,,,,,
J_{29},-0.10290053,-1.549150257,,,,,
K_{29},-0.033904025,-1.602235525,,,,,
L_{29},0.014987568,-1.526453556,,,,,
M_{29},0.034544205,-1.436004108,,,,,
N_{29},-0.041237764,-1.377334196,,,,,
O_{29},-0.168355907,-1.325998023,,,,,
P_{29},-0.29058489,-1.294218488,,,,,
Q_{29},-0.422592192,-1.250216054,,,,,
R_{29},-0.547265755,-1.223325677,,,,,
S_{29},-0.708608012,-1.220881098,,,,,
T_{29},-0.843059894,-1.240437735,,,,,
U_{29},-0.838170734,-1.110875013,,,,,
V_{29},-0.8,-1,,,,,
W_{29},-0.847949053,-0.927531538,,,,,
Z_{29},-0.664597691,-0.893313338,,,,,
A_{30},-0.460915583,-0.852576917,,,,,
B_{30},-0.330559034,-0.779251358,,,,,
C_{30},-0.155392421,-0.72629401,,,,,
D_{30},-0.037256798,-0.762956789,,,,,
E_{30},0.064584256,-0.787398642,,,,,
F_{30},0.239750869,-0.771104074,,,,,
G_{30},0.398622913,-0.762956789,,,,,
H_{30},0.528979463,-0.722220368,,,,,
I_{30},0.683777865,-0.709999441,,,,,
J_{30},0.867091762,-0.665189377,,,,,
K_{30},1.001521954,-0.640747524,,,,,
L_{30},1.054479302,-0.697778515,,,,,
M_{30},1.074847513,-0.811840495,,,,,
N_{30},1.082994797,-0.978859824,,,,,
O_{30},1.078921155,-1.080700878,,,,,
P_{30},1.07077387,-1.194762859,,,,,
Q_{30},1.05040566,-1.349561261,,,,,
R_{30},1.025963807,-1.475844168,,,,,
S_{30},1,-1.6,,,,,
T_{30},0.936343679,-1.699894487,,,,,
U_{30},0.879312689,-1.805809183,,,,,
V_{30},0.838576267,-1.903576595,,,,,
W_{30},0.8,-2,,,,,
Z_{30},0.761177066,-2.054301355,,,,,
A_{31},0.687851507,-2.192805188,,,,,
B_{31},0.569715884,-2.335382664,,,,,
C_{31},0.508611252,-2.42092915,,,,,
D_{31},0.451580262,-2.514622919,,,,,
E_{31},0.4,-2.6,,,,,
F_{31},0.296781859,-2.624611258,,,,,
G_{31},0.16642531,-2.702010459,,,,,
H_{31},0,-2.8,,,,,
I_{31},-0.118729641,-2.844587935,,,,,
J_{31},-0.200202485,-2.913839851,,,,,
K_{31},-0.297084133,-2.968335778,,,,,
L_{31},-0.400020884,-3.010721499,,,,,
M_{31},-0.485863976,-3.034341025,,,,,
N_{31},-0.642483288,-3.077055382,,,,,
O_{31},-0.806221659,-3.077055382,,,,,
P_{31},-0.937924262,-3.055698203,,,,,
Q_{31},-1.034031567,-3.027221965,,,,,
R_{31},-1.101662634,-3.023662435,,,,,
B1,-3.116049574,1.663205806,,,,,
B4,-2.82452667,1.84065453,,,,,
B5,-2.482304131,1.923041438,,,,,
B6,-2.241480862,1.973741073,,,,,
B7,-1.930945595,1.992753436,,,,,
B8,-1.607735419,2.018103254,,,,,
B9,-1.37958706,2.062465435,,,,,
B10,-1.043701975,2.06880289,,,,,
B11,-0.866253251,2.049790526,,,,,
B12,-0.524030712,2.06880289,,,,,
B13,-0.302219806,2.12583998,,,,,
B14,-0.032395179,2.257505877,,,,,
B15,0.244632605,2.491914001,,,,,
B16,0.393801411,2.630427893,,,,,
B17,0.68148411,2.832871273,,,,,
B18,0.952798885,2.97399605,,,,,
B19,1.2,3,,,,,
B20,1.113679477,3.163030746,,,,,
B21,1.017151122,3.327933354,,,,,
B22,0.888446648,3.456637827,,,,,
B23,0.83213844,3.561210213,,,,,
B24,0.7396321,3.629584464,,,,,
B25,0.679301878,3.693936701,,,,,
B26,0.816565884,3.759109814,,,,,
B27,0.978317435,3.66107857,,,,,
B30,1.046939306,3.563047327,,,,,
B31,1.1253643,3.465016084,,,,,
B32,1.198887732,3.308166095,,,,,
B33,1.282214289,3.200331728,,,,,
B34,1.331229911,3.112103609,,,,,
B35,1.4,3,,,,,
B36,1.558147706,2.935170094,,,,,
B37,1.658364185,2.825843027,,,,,
B38,1.767691252,2.707405371,,,,,
B39,1.904350085,2.670963015,,,,,
B40,2.086561864,2.561635948,,,,,
B41,2.277884231,2.497861826,,,,,
B42,2.36899012,2.388534759,,,,,
B43,2.505648954,2.270097103,,,,,
B44,2.560312487,2.142548858,,,,,
B45,2.587644254,2.005890024,,,,,
B46,2.651418376,1.832788835,,,,,
B47,2.75595263,1.582358896,,,,,
B48,2.868330757,1.423267291,,,,,
B49,2.973220369,1.300896077,,,,,
B50,3.008183573,1.073635252,,,,,
B51,2.973220369,0.933782436,,,,,
B52,2.990701971,0.697780809,,,,,
B53,3,0.5,,,,,
B56,2.964479568,0.313185566,,,,,
B57,2.868330757,0.155851149,,,,,
B58,2.702255539,0.059702338,,,,,
B59,2.527439519,-0.080150478,,,,,
B60,2.335141898,-0.202521692,,,,,
B61,2.125362674,-0.246225696,,,,,
B62,1.801953038,-0.307411303,,,,,
B63,1.574692212,-0.36859691,,,,,
B64,1.294986581,-0.394819313,,,,,
B65,1.085207357,-0.429782517,,,,,
B66,1.203824483,-0.241743097,,,,,
B67,1.355043772,-0.030036093,,,,,
B68,1.415531487,0.234597661,,,,,
B69,1.5,0.5,,,,,
B70,1.415531487,0.635328775,,,,,
B71,1.294556056,0.741182277,,,,,
B72,1.196263519,0.809230956,,,,,
B73,1.029922302,0.877279636,,,,,
B74,1,1,,,,,
B75,1.173580626,1.270449786,,,,,
B76,1.075288088,1.421669074,,,,,
B77,0.946751693,1.580449326,,,,,
B78,0.825776263,1.708985722,,,,,
B79,0.719922761,1.807278259,,,,,
B82,0.621630224,1.882887903,,,,,
B83,0.5,2,,,,,
B84,0.356996469,2.041668156,,,,,
B85,0.228460074,2.087033942,,,,,
B86,0,2,,,,,
B87,-0.202514897,1.920692725,,,,,
B88,-0.36129515,1.898009832,,,,,
B89,-0.641050833,1.852644045,,,,,
B90,-0.928367481,1.882887903,,,,,
B91,-1.170318342,1.920692725,,,,,
B92,-1.351781488,1.935814654,,,,,
B93,-1.52568367,1.920692725,,,,,
B94,-1.729829709,1.898009832,,,,,
B95,-1.911292855,1.875326939,,,,,
B96,-2.085195036,1.837522117,,,,,
B97,-2.319584933,1.777034401,,,,,
B98,-2.448121328,1.754351508,,,,,
B99,-2.67495026,1.678741864,,,,,
B100,-2.826169549,1.610693184,,,,,
